NRAS	TP53	GNAS	MYC	BRCA2	APC	KAT6A	KRAS	ARID1A	PIK3CA	ERBB2	CTNNB1	BRAF
CRC0022	1	1	1	1	0	0	0	0	0	0	0	0	0
CRC0030	0	1	1	0	1	1	1	0	0	0	0	0	0
CRC0031	0	1	1	0	0	0	0	1	0	0	0	0	0
CRC0051	0	1	0	0	0	0	0	1	0	0	0	0	0
CRC0059	0	1	1	1	0	0	0	0	0	1	0	0	0
CRC0063	0	1	0	0	0	0	1	1	0	0	0	0	0
CRC0065	0	0	0	0	1	0	0	0	0	0	1	0	0
CRC0069	0	1	0	0	0	0	0	0	0	0	0	0	0
CRC0076	0	1	0	0	0	0	0	0	0	0	0	1	0
CRC0078	0	1	0	0	1	1	0	0	0	0	1	0	0
CRC0079	0	0	0	0	1	0	0	0	0	1	0	0	1
CRC0080	0	1	0	1	0	0	0	0	0	0	1	0	0
CRC0081	0	1	0	1	0	1	0	0	0	0	0	0	0
CRC0096	0	0	0	1	0	1	0	0	0	0	0	0	0
CRC0103	0	1	0	0	1	0	0	0	1	1	0	0	0
CRC0123	0	0	1	0	1	0	0	1	0	0	0	1	1
CRC0124	0	1	0	0	0	1	0	0	0	1	1	0	0
CRC0134	0	0	0	0	0	1	0	1	0	0	0	0	0
CRC0137	0	1	1	0	0	0	0	0	0	0	0	0	0
CRC0150	1	1	0	0	0	1	0	0	0	0	0	0	1
CRC0151	0	0	0	1	0	1	0	0	0	0	1	0	0
CRC0152	0	1	1	1	0	1	1	0	0	0	0	0	0
CRC0161	0	1	0	0	0	1	0	0	0	0	0	0	0
CRC0166	0	1	0	0	0	0	0	0	0	0	0	0	0
CRC0188	0	0	0	1	0	1	0	0	1	0	0	0	0
CRC0196	0	1	0	1	0	1	0	0	0	0	0	0	0
CRC0204	0	1	0	0	0	1	1	0	0	0	0	0	0
CRC0231	0	1	1	1	0	0	0	1	0	1	0	0	0
CRC0254	0	1	0	1	0	0	0	0	1	0	0	0	0
CRC0277	0	0	0	1	0	1	0	1	0	1	0	0	0
CRC0291	0	1	0	1	0	1	0	1	0	0	0	0	0
CRC0297	0	1	1	0	0	1	1	0	0	0	0	0	0
CRC0322	0	1	0	0	0	1	0	0	1	0	0	0	0
CRC0327	0	1	1	0	0	1	0	0	0	0	0	0	0
CRC0355	0	0	1	0	0	1	1	0	1	1	0	0	0
CRC0370	0	1	0	1	0	1	0	0	0	0	0	0	0
CRC0404	0	1	0	1	0	1	0	0	0	0	0	0	0
CRC0441	0	0	0	1	0	0	0	0	0	0	0	0	0
CRC0515	1	1	0	1	0	1	0	0	0	0	0	0	0
CRC0534	0	1	0	1	0	1	0	0	0	0	0	0	0
CRC0542	0	1	0	0	1	1	0	0	0	0	1	1	0
CRC0544	0	1	0	0	0	1	0	1	0	0	0	0	0
CRC0568	0	1	1	1	0	0	0	1	0	0	0	0	0
CRC0729	0	1	1	0	0	0	0	0	0	0	0	0	0
CRC0743	0	1	0	0	0	0	0	0	0	0	0	0	0
CRC0772	0	1	0	0	0	1	1	0	0	0	0	0	0
CRC1078	0	1	0	0	0	1	0	1	0	0	0	0	0
CRC1139	0	0	0	0	0	0	0	1	0	1	0	0	0
CRC1331	0	1	0	0	0	1	0	0	1	0	0	0	0
CRC1360	0	1	0	1	0	1	0	1	0	0	0	0	0
CRC1390	0	1	0	0	1	0	0	1	1	0	0	0	0
CRC1446	1	0	0	0	1	1	1	0	0	0	1	0	0
CRC1449	1	0	0	0	0	1	1	0	0	0	1	0	1
CRC1502	0	1	0	0	0	1	1	1	0	1	0	0	0
CRC1628	0	1	0	1	0	0	0	0	0	1	0	0	0
CRC1675	0	1	0	0	0	0	0	0	0	1	0	0	0
CRC2026	0	1	0	0	0	1	0	0	0	0	0	0	1
CRC2113	0	1	0	0	0	0	0	0	0	0	1	0	0
CRC1472	0	0	0	0	0	0	0	0	0	0	0	0	0
CRC0252	0	1	0	0	0	1	0	0	0	0	0	0	0
CRC0121	0	1	0	0	0	1	0	0	0	0	0	0	0
CRC0028	0	1	0	0	0	1	0	1	0	1	0	0	0
CRC0330	0	0	0	0	0	1	0	1	0	0	0	0	0
CRC0257	0	1	0	0	0	1	0	0	0	0	0	0	0
CRC0114	0	0	0	0	0	1	0	1	0	0	0	0	0
CRC1146	0	0	0	0	0	1	0	0	0	0	0	0	0
CRC0064	0	1	0	0	0	1	0	1	0	1	0	0	0
CRC0077	0	0	1	0	0	1	0	1	0	1	0	0	0
CRC0175	0	1	0	0	0	1	0	1	0	0	0	0	0
CRC0119	0	1	0	0	0	1	0	1	0	1	0	0	0
CRC0344	0	1	0	0	0	1	0	1	0	0	0	0	0
CRC0018	0	1	0	0	0	1	0	0	0	0	0	0	0
CRC0197	1	0	0	0	0	1	0	0	0	0	0	0	0
CRC0312	0	0	0	0	0	1	0	1	0	0	0	0	0
CRC0382	0	0	0	0	0	1	0	1	0	0	0	0	0
CRC0479	0	0	1	0	0	1	0	1	0	1	0	0	0
CRC0118	0	0	0	0	0	1	0	0	0	0	0	0	1
CRC0504	0	1	0	0	0	1	0	1	0	1	1	0	0
CRC0484	0	1	0	0	0	1	0	0	0	0	0	0	0
CRC0591	0	0	0	0	0	0	0	1	1	1	0	1	0
CRC0019	0	0	0	0	0	0	0	1	1	1	0	0	0
CRC0106	0	0	0	0	0	0	0	0	0	1	0	0	1
CRC0058	0	0	0	0	0	0	0	1	0	0	0	0	0
CRC0438	0	1	0	0	0	0	0	1	0	0	0	0	0
CRC0104	0	1	0	0	0	0	0	0	0	1	0	0	0
CRC0029	0	1	0	0	0	0	0	0	0	0	0	0	0
